<?xml version="1.0" encoding="UTF-8"?>
<project-private xmlns="http://www.netbeans.org/ns/project-private/1">
    <editor-bookmarks xmlns="http://www.netbeans.org/ns/editor-bookmarks/2" lastBookmarkId="0"/>
    <open-files xmlns="http://www.netbeans.org/ns/projectui-open-files/2">
        <group>
            <file>file:/C:/Users/ASUS/Documents/NetBeansProjects/JavaApplication33/src/DisplayQuest.java</file>
            <file>file:/C:/Users/ASUS/Documents/NetBeansProjects/JavaApplication33/src/NewJFrameMain.java</file>
            <file>file:/C:/Users/ASUS/Documents/NetBeansProjects/JavaApplication33/src/NewJFrame2.java</file>
            <file>file:/C:/Users/ASUS/Documents/NetBeansProjects/JavaApplication33/src/NewJFrame.java</file>
            <file>file:/C:/Users/ASUS/Documents/NetBeansProjects/JavaApplication33/src/NewJFrame1.java</file>
            <file>file:/C:/Users/ASUS/Documents/NetBeansProjects/JavaApplication33/src/updateJFrame.java</file>
        </group>
    </open-files>
</project-private>
